{
    "KNN_k=2": {
        "Accuracy": 0.5906976744186047,
        "Recall": 0.07456140350877193,
        "Precision": 0.24285714285714285,
        "F1 Score": 0.11409395973154363,
        "Classification Report": {
            "0": {
                "precision": 0.6330434782608696,
                "recall": 0.8729016786570744,
                "f1-score": 0.7338709677419355,
                "support": 417.0
            },
            "1": {
                "precision": 0.24285714285714285,
                "recall": 0.07456140350877193,
                "f1-score": 0.11409395973154363,
                "support": 228.0
            },
            "accuracy": 0.5906976744186047,
            "macro avg": {
                "precision": 0.43795031055900624,
                "recall": 0.47373154108292315,
                "f1-score": 0.42398246373673953,
                "support": 645.0
            },
            "weighted avg": {
                "precision": 0.49511714574606386,
                "recall": 0.5906976744186047,
                "f1-score": 0.5147870021196573,
                "support": 645.0
            }
        }
    },
    "KNN_k=3": {
        "Accuracy": 0.5565891472868217,
        "Recall": 0.2850877192982456,
        "Precision": 0.34574468085106386,
        "F1 Score": 0.3125,
        "Classification Report": {
            "0": {
                "precision": 0.6433260393873085,
                "recall": 0.7050359712230215,
                "f1-score": 0.6727688787185355,
                "support": 417.0
            },
            "1": {
                "precision": 0.34574468085106386,
                "recall": 0.2850877192982456,
                "f1-score": 0.3125,
                "support": 228.0
            },
            "accuracy": 0.5565891472868217,
            "macro avg": {
                "precision": 0.4945353601191862,
                "recall": 0.49506184526063357,
                "f1-score": 0.49263443935926776,
                "support": 645.0
            },
            "weighted avg": {
                "precision": 0.5381344893931012,
                "recall": 0.5565891472868217,
                "f1-score": 0.5454180192645416,
                "support": 645.0
            }
        }
    },
    "KNN_k=4": {
        "Accuracy": 0.5968992248062015,
        "Recall": 0.10087719298245613,
        "Precision": 0.2948717948717949,
        "F1 Score": 0.1503267973856209,
        "Classification Report": {
            "0": {
                "precision": 0.6384479717813051,
                "recall": 0.86810551558753,
                "f1-score": 0.7357723577235772,
                "support": 417.0
            },
            "1": {
                "precision": 0.2948717948717949,
                "recall": 0.10087719298245613,
                "f1-score": 0.1503267973856209,
                "support": 228.0
            },
            "accuracy": 0.5968992248062015,
            "macro avg": {
                "precision": 0.46665988332654995,
                "recall": 0.48449135428499307,
                "f1-score": 0.44304957755459906,
                "support": 645.0
            },
            "weighted avg": {
                "precision": 0.5169977883156177,
                "recall": 0.5968992248062015,
                "f1-score": 0.5288241596506252,
                "support": 645.0
            }
        }
    },
    "KNN_k=5": {
        "Accuracy": 0.5736434108527132,
        "Recall": 0.19736842105263158,
        "Precision": 0.3284671532846715,
        "F1 Score": 0.2465753424657534,
        "Classification Report": {
            "0": {
                "precision": 0.639763779527559,
                "recall": 0.7793764988009593,
                "f1-score": 0.7027027027027027,
                "support": 417.0
            },
            "1": {
                "precision": 0.3284671532846715,
                "recall": 0.19736842105263158,
                "f1-score": 0.2465753424657534,
                "support": 228.0
            },
            "accuracy": 0.5736434108527132,
            "macro avg": {
                "precision": 0.48411546640611525,
                "recall": 0.48837245992679545,
                "f1-score": 0.4746390225842281,
                "support": 645.0
            },
            "weighted avg": {
                "precision": 0.5297240418789104,
                "recall": 0.5736434108527132,
                "f1-score": 0.5414669846654555,
                "support": 645.0
            }
        }
    },
    "KNN_k=6": {
        "Accuracy": 0.6046511627906976,
        "Recall": 0.10526315789473684,
        "Precision": 0.32,
        "F1 Score": 0.15841584158415842,
        "Classification Report": {
            "0": {
                "precision": 0.6421052631578947,
                "recall": 0.8776978417266187,
                "f1-score": 0.7416413373860182,
                "support": 417.0
            },
            "1": {
                "precision": 0.32,
                "recall": 0.10526315789473684,
                "f1-score": 0.15841584158415842,
                "support": 228.0
            },
            "accuracy": 0.6046511627906976,
            "macro avg": {
                "precision": 0.4810526315789474,
                "recall": 0.49148049981067776,
                "f1-score": 0.45002858948508834,
                "support": 645.0
            },
            "weighted avg": {
                "precision": 0.5282447980416157,
                "recall": 0.6046511627906976,
                "f1-score": 0.5354779063118725,
                "support": 645.0
            }
        }
    },
    "KNN_k=7": {
        "Accuracy": 0.5829457364341085,
        "Recall": 0.17105263157894737,
        "Precision": 0.3277310924369748,
        "F1 Score": 0.22478386167146974,
        "Classification Report": {
            "0": {
                "precision": 0.6406844106463878,
                "recall": 0.8081534772182254,
                "f1-score": 0.7147401908801697,
                "support": 417.0
            },
            "1": {
                "precision": 0.3277310924369748,
                "recall": 0.17105263157894737,
                "f1-score": 0.22478386167146974,
                "support": 228.0
            },
            "accuracy": 0.5829457364341085,
            "macro avg": {
                "precision": 0.4842077515416813,
                "recall": 0.48960305439858637,
                "f1-score": 0.46976202627581976,
                "support": 645.0
            },
            "weighted avg": {
                "precision": 0.5300590516514325,
                "recall": 0.5829457364341085,
                "f1-score": 0.5415463256715131,
                "support": 645.0
            }
        }
    },
    "KNN_k=8": {
        "Accuracy": 0.6031007751937985,
        "Recall": 0.07017543859649122,
        "Precision": 0.26666666666666666,
        "F1 Score": 0.1111111111111111,
        "Classification Report": {
            "0": {
                "precision": 0.6376068376068376,
                "recall": 0.894484412470024,
                "f1-score": 0.7445109780439122,
                "support": 417.0
            },
            "1": {
                "precision": 0.26666666666666666,
                "recall": 0.07017543859649122,
                "f1-score": 0.1111111111111111,
                "support": 228.0
            },
            "accuracy": 0.6031007751937985,
            "macro avg": {
                "precision": 0.4521367521367521,
                "recall": 0.4823299255332576,
                "f1-score": 0.4278110445775116,
                "support": 645.0
            },
            "weighted avg": {
                "precision": 0.5064838004372888,
                "recall": 0.6031007751937985,
                "f1-score": 0.5206114901978988,
                "support": 645.0
            }
        }
    },
    "KNN_k=9": {
        "Accuracy": 0.6,
        "Recall": 0.15350877192982457,