{
    "CART": {
        "Accuracy": 0.9472868217054263,
        "Recall": 0.9254385964912281,
        "Precision": 0.9254385964912281,
        "F1 Score": 0.9254385964912281,
        "Classification Report": {
            "0": {
                "precision": 0.9592326139088729,
                "recall": 0.9592326139088729,
                "f1-score": 0.9592326139088729,
                "support": 417.0
            },
            "1": {
                "precision": 0.9254385964912281,
                "recall": 0.9254385964912281,
                "f1-score": 0.9254385964912281,
                "support": 228.0
            },
            "accuracy": 0.9472868217054263,
            "macro avg": {
                "precision": 0.9423356052000504,
                "recall": 0.9423356052000504,
                "f1-score": 0.9423356052000504,
                "support": 645.0
            },
            "weighted avg": {
                "precision": 0.9472868217054263,
                "recall": 0.9472868217054263,
                "f1-score": 0.9472868217054263,
                "support": 645.0
            }
        }
    },
    "C4.5": {
        "Accuracy": 0.9395348837209302,
        "Recall": 0.9122807017543859,
        "Precision": 0.9162995594713657,
        "F1 Score": 0.9142857142857143,
        "Classification Report": {
            "0": {
                "precision": 0.9521531100478469,
                "recall": 0.9544364508393285,
                "f1-score": 0.9532934131736527,
                "support": 417.0
            },
            "1": {
                "precision": 0.9162995594713657,
                "recall": 0.9122807017543859,
                "f1-score": 0.9142857142857143,
                "support": 228.0
            },
            "accuracy": 0.9395348837209302,
            "macro avg": {
                "precision": 0.9342263347596063,
                "recall": 0.9333585762968573,
                "f1-score": 0.9337895637296835,
                "support": 645.0
            },
            "weighted avg": {
                "precision": 0.9394792968208117,
                "recall": 0.9395348837209302,
                "f1-score": 0.9395046451946606,
                "support": 645.0
            }
        }
    },
    "AdaBoost": {
        "Accuracy": 0.924031007751938,
        "Recall": 0.9122807017543859,
        "Precision": 0.8776371308016878,
        "F1 Score": 0.8946236559139785,
        "Classification Report": {
            "0": {
                "precision": 0.9509803921568627,
                "recall": 0.9304556354916067,
                "f1-score": 0.9406060606060606,
                "support": 417.0
            },
            "1": {
                "precision": 0.8776371308016878,
                "recall": 0.9122807017543859,
                "f1-score": 0.8946236559139785,
                "support": 228.0
            },
            "accuracy": 0.924031007751938,
            "macro avg": {
                "precision": 0.9143087614792753,
                "recall": 0.9213681686229963,
                "f1-score": 0.9176148582600195,
                "support": 645.0
            },
            "weighted avg": {
                "precision": 0.9250544020964288,
                "recall": 0.924031007751938,
                "f1-score": 0.9243518152265338,
                "support": 645.0
            }
        }
    },
    "XGBoost": {
        "Accuracy": 0.9534883720930233,
        "Recall": 0.9429824561403509,
        "Precision": 0.9267241379310345,
        "F1 Score": 0.9347826086956522,
        "Classification Report": {
            "0": {
                "precision": 0.9685230024213075,
                "recall": 0.9592326139088729,
                "f1-score": 0.963855421686747,
                "support": 417.0
            },
            "1": {
                "precision": 0.9267241379310345,
                "recall": 0.9429824561403509,
                "f1-score": 0.9347826086956522,
                "support": 228.0
            },
            "accuracy": 0.9534883720930233,
            "macro avg": {
                "precision": 0.947623570176171,
                "recall": 0.9511075350246119,
                "f1-score": 0.9493190151911997,
                "support": 645.0
            },
            "weighted avg": {
                "precision": 0.9537475898573039,
                "recall": 0.9534883720930233,
                "f1-score": 0.9535785203503601,
                "support": 645.0
            }
        }
    },
    "RandomForest": {
        "Accuracy": 0.9410852713178295,
        "Recall": 0.8728070175438597,
        "Precision": 0.9567307692307693,
        "F1 Score": 0.9128440366972477,
        "Classification Report": {
            "0": {
                "precision": 0.9336384439359268,
                "recall": 0.9784172661870504,
                "f1-score": 0.955503512880562,
                "support": 417.0
            },
            "1": {
                "precision": 0.9567307692307693,
                "recall": 0.8728070175438597,
                "f1-score": 0.9128440366972477,
                "support": 228.0
            },
            "accuracy": 0.9410852713178295,
            "macro avg": {
                "precision": 0.945184606583348,
                "recall": 0.925612141865455,
                "f1-score": 0.9341737747889048,
                "support": 645.0
            },
            "weighted avg": {
                "precision": 0.9418013124122431,
                "recall": 0.9410852713178295,
                "f1-score": 0.9404238840901812,
                "support": 645.0
            }
        }
    },
    "ExtraTrees": {
        "Accuracy": 0.8573643410852713,
        "Recall": 0.7149122807017544,
        "Precision": 0.8578947368421053,
        "F1 Score": 0.7799043062200957,
        "Classification Report": {
            "0": {
                "precision": 0.8571428571428571,
                "recall": 0.935251798561151,
                "f1-score": 0.8944954128440367,
                "support": 417.0
            },
            "1": {
                "precision": 0.8578947368421053,
                "recall": 0.7149122807017544,
                "f1-score": 0.7799043062200957,
                "support": 228.0
            },
            "accuracy": 0.8573643410852713,
            "macro avg": {
                "precision": 0.8575187969924811,
                "recall": 0.8250820396314527,
                "f1-score": 0.8371998595320662,
                "support": 645.0
            },
            "weighted avg": {
                "precision": 0.857408637873754,
                "recall": 0.8573643410852713,
                "f1-score": 0.8539887891072017,
                "support": 645.0
            }
        }
    },
    "GradientBoosting": {
        "Accuracy": 0.951937984496124,
        "Recall": 0.9342105263157895,
        "Precision": 0.9301310043668122,
        "F1 Score": 0.9321663019693655,
        "Classification Report": {
            "0": {
                "precision": 0.9639423076923077,
                "recall": 0.9616306954436451,
                "f1-score": 0.9627851140456183,
                "support": 417.0
            },
            "1": {
                "precision": 0.9301310043668122,
                "recall": 0.9342105263157895,
                "f1-score": 0.9321663019693655,
                "support": 228.0
            },
            "accuracy": 0.951937984496124,
            "macro avg": {
                "precision": 0.94703665602956,
                "recall": 0.9479206108797174,
                "f1-score": 0.9474757080074918,
                "support": 645.0
            },
            "weighted avg": {
                "precision": 0.9519904051214348,
                "recall": 0.951937984496124,
                "f1-score": 0.9519617200093614,
                "support": 645.0
            }
        }
    }
}