{
    "CART": {
        "Accuracy": 0.9457364341085271,
        "Recall": 0.9298245614035088,
        "Precision": 0.9177489177489178,
        "F1 Score": 0.9237472766884531,
        "Classification Report": {
            "0": {
                "precision": 0.961352657004831,
                "recall": 0.9544364508393285,
                "f1-score": 0.9578820697954272,
                "support": 417.0
            },
            "1": {
                "precision": 0.9177489177489178,
                "recall": 0.9298245614035088,
                "f1-score": 0.9237472766884531,
                "support": 228.0
            },
            "accuracy": 0.9457364341085271,
            "macro avg": {
                "precision": 0.9395507873768744,
                "recall": 0.9421305061214187,
                "f1-score": 0.9408146732419402,
                "support": 645.0
            },
            "weighted avg": {
                "precision": 0.9459392421980897,
                "recall": 0.9457364341085271,
                "f1-score": 0.9458158173483108,
                "support": 645.0
            }
        }
    },
    "C4.5": {
        "Accuracy": 0.9364341085271318,
        "Recall": 0.9166666666666666,
        "Precision": 0.9047619047619048,
        "F1 Score": 0.9106753812636166,
        "Classification Report": {
            "0": {
                "precision": 0.9541062801932367,
                "recall": 0.947242206235012,
                "f1-score": 0.950661853188929,
                "support": 417.0
            },
            "1": {
                "precision": 0.9047619047619048,
                "recall": 0.9166666666666666,
                "f1-score": 0.9106753812636166,
                "support": 228.0
            },
            "accuracy": 0.9364341085271318,
            "macro avg": {
                "precision": 0.9294340924775708,
                "recall": 0.9319544364508393,
                "f1-score": 0.9306686172262728,
                "support": 645.0
            },
            "weighted avg": {
                "precision": 0.9366636172500682,
                "recall": 0.9364341085271318,
                "f1-score": 0.936527100322307,
                "support": 645.0
            }
        }
    },
    "AdaBoost": {
        "Accuracy": 0.924031007751938,
        "Recall": 0.9122807017543859,
        "Precision": 0.8776371308016878,
        "F1 Score": 0.8946236559139785,
        "Classification Report": {
            "0": {
                "precision": 0.9509803921568627,
                "recall": 0.9304556354916067,
                "f1-score": 0.9406060606060606,
                "support": 417.0
            },
            "1": {
                "precision": 0.8776371308016878,
                "recall": 0.9122807017543859,
                "f1-score": 0.8946236559139785,
                "support": 228.0
            },
            "accuracy": 0.924031007751938,
            "macro avg": {
                "precision": 0.9143087614792753,
                "recall": 0.9213681686229963,
                "f1-score": 0.9176148582600195,
                "support": 645.0
            },
            "weighted avg": {
                "precision": 0.9250544020964288,
                "recall": 0.924031007751938,
                "f1-score": 0.9243518152265338,
                "support": 645.0
            }
        }
    },
    "XGBoost": {
        "Accuracy": 0.9534883720930233,
        "Recall": 0.9429824561403509,
        "Precision": 0.9267241379310345,
        "F1 Score": 0.9347826086956522,
        "Classification Report": {
            "0": {
                "precision": 0.9685230024213075,
                "recall": 0.9592326139088729,
                "f1-score": 0.963855421686747,
                "support": 417.0
            },
            "1": {
                "precision": 0.9267241379310345,
                "recall": 0.9429824561403509,
                "f1-score": 0.9347826086956522,
                "support": 228.0
            },
            "accuracy": 0.9534883720930233,
            "macro avg": {
                "precision": 0.947623570176171,
                "recall": 0.9511075350246119,
                "f1-score": 0.9493190151911997,
                "support": 645.0
            },
            "weighted avg": {
                "precision": 0.9537475898573039,
                "recall": 0.9534883720930233,
                "f1-score": 0.9535785203503601,
                "support": 645.0
            }
        }
    },
    "RandomForest": {
        "Accuracy": 0.9410852713178295,
        "Recall": 0.8728070175438597,
        "Precision": 0.9567307692307693,
        "F1 Score": 0.9128440366972477,
        "Classification Report": {
            "0": {
                "precision": 0.9336384439359268,
                "recall": 0.9784172661870504,
                "f1-score": 0.955503512880562,
                "support": 417.0
            },
            "1": {
                "precision": 0.9567307692307693,
                "recall": 0.8728070175438597,
                "f1-score": 0.9128440366972477,
                "support": 228.0
            },
            "accuracy": 0.9410852713178295,
            "macro avg": {
                "precision": 0.945184606583348,
                "recall": 0.925612141865455,
                "f1-score": 0.9341737747889048,
                "support": 645.0
            },
            "weighted avg": {
                "precision": 0.9418013124122431,
                "recall": 0.9410852713178295,
                "f1-score": 0.9404238840901812,
                "support": 645.0
            }
        }
    },
    "LightGBM": {
        "Accuracy": 0.9488372093023256,
        "Recall": 0.9254385964912281,
        "Precision": 0.9295154185022027,
        "F1 Score": 0.9274725274725275,
        "Classification Report": {
            "0": {
                "precision": 0.9593301435406698,
                "recall": 0.9616306954436451,
                "f1-score": 0.9604790419161676,
                "support": 417.0
            },
            "1": {
                "precision": 0.9295154185022027,
                "recall": 0.9254385964912281,
                "f1-score": 0.9274725274725275,
                "support": 228.0
            },
            "accuracy": 0.9488372093023256,
            "macro avg": {
                "precision": 0.9444227810214363,
                "recall": 0.9435346459674365,
                "f1-score": 0.9439757846943475,
                "support": 645.0
            },
            "weighted avg": {
                "precision": 0.948790984922421,
                "recall": 0.9488372093023256,
                "f1-score": 0.9488116228570206,
                "support": 645.0
            }
        }
    },
    "ExtraTrees": {
        "Accuracy": 0.8682170542635659,
        "Recall": 0.7280701754385965,
        "Precision": 0.8783068783068783,
        "F1 Score": 0.7961630695443646,
        "Classification Report": {
            "0": {
                "precision": 0.8640350877192983,
                "recall": 0.9448441247002398,
                "f1-score": 0.9026345933562429,
                "support": 417.0
            },
            "1": {
                "precision": 0.8783068783068783,
                "recall": 0.7280701754385965,
                "f1-score": 0.7961630695443646,
                "support": 228.0
            },
            "accuracy": 0.8682170542635659,
            "macro avg": {
                "precision": 0.8711709830130883,
                "recall": 0.8364571500694182,
                "f1-score": 0.8493988314503037,
                "support": 645.0
            },
            "weighted avg": {
                "precision": 0.8690799997409546,
                "recall": 0.8682170542635659,
                "f1-score": 0.8649981477297183,
                "support": 645.0
            }
        }
    },
    "GradientBoosting": {
        "Accuracy": 0.951937984496124,