{
    "CART": {
        "Accuracy": 0.9410852713178295,
        "Recall": 0.9122807017543859,
        "Precision": 0.9203539823008849,
        "F1 Score": 0.9162995594713657,
        "Classification Report": {
            "0": {
                "precision": 0.9522673031026253,
                "recall": 0.9568345323741008,
                "f1-score": 0.9545454545454546,
                "support": 417.0
            },
            "1": {
                "precision": 0.9203539823008849,
                "recall": 0.9122807017543859,
                "f1-score": 0.9162995594713657,
                "support": 228.0
            },
            "accuracy": 0.9410852713178295,
            "macro avg": {
                "precision": 0.9363106427017551,
                "recall": 0.9345576170642433,
                "f1-score": 0.9354225070084101,
                "support": 645.0
            },
            "weighted avg": {
                "precision": 0.9409863152843357,
                "recall": 0.9410852713178295,
                "f1-score": 0.9410259753564744,
                "support": 645.0
            }
        }
    },
    "C4.5": {
        "Accuracy": 0.9441860465116279,
        "Recall": 0.9298245614035088,
        "Precision": 0.9137931034482759,
        "F1 Score": 0.9217391304347826,
        "Classification Report": {
            "0": {
                "precision": 0.9612590799031477,
                "recall": 0.9520383693045563,
                "f1-score": 0.9566265060240964,
                "support": 417.0
            },
            "1": {
                "precision": 0.9137931034482759,
                "recall": 0.9298245614035088,
                "f1-score": 0.9217391304347826,
                "support": 228.0
            },
            "accuracy": 0.9441860465116279,
            "macro avg": {
                "precision": 0.9375260916757118,
                "recall": 0.9409314653540326,
                "f1-score": 0.9391828182294395,
                "support": 645.0
            },
            "weighted avg": {
                "precision": 0.9444804091563093,
                "recall": 0.9441860465116279,
                "f1-score": 0.9442942244204319,
                "support": 645.0
            }
        }
    },
    "AdaBoost": {
        "Accuracy": 0.924031007751938,
        "Recall": 0.9122807017543859,
        "Precision": 0.8776371308016878,
        "F1 Score": 0.8946236559139785,
        "Classification Report": {
            "0": {
                "precision": 0.9509803921568627,
                "recall": 0.9304556354916067,
                "f1-score": 0.9406060606060606,
                "support": 417.0
            },
            "1": {
                "precision": 0.8776371308016878,
                "recall": 0.9122807017543859,
                "f1-score": 0.8946236559139785,
                "support": 228.0
            },
            "accuracy": 0.924031007751938,
            "macro avg": {
                "precision": 0.9143087614792753,
                "recall": 0.9213681686229963,
                "f1-score": 0.9176148582600195,
                "support": 645.0
            },
            "weighted avg": {
                "precision": 0.9250544020964288,
                "recall": 0.924031007751938,
                "f1-score": 0.9243518152265338,
                "support": 645.0
            }
        }
    },
    "XGBoost": {
        "Accuracy": 0.9534883720930233,
        "Recall": 0.9429824561403509,
        "Precision": 0.9267241379310345,
        "F1 Score": 0.9347826086956522,
        "Classification Report": {
            "0": {
                "precision": 0.9685230024213075,
                "recall": 0.9592326139088729,
                "f1-score": 0.963855421686747,
                "support": 417.0
            },
            "1": {
                "precision": 0.9267241379310345,
                "recall": 0.9429824561403509,
                "f1-score": 0.9347826086956522,
                "support": 228.0
            },
            "accuracy": 0.9534883720930233,
            "macro avg": {
                "precision": 0.947623570176171,
                "recall": 0.9511075350246119,
                "f1-score": 0.9493190151911997,
                "support": 645.0
            },
            "weighted avg": {
                "precision": 0.9537475898573039,
                "recall": 0.9534883720930233,
                "f1-score": 0.9535785203503601,
                "support": 645.0
            }
        }
    },
    "RandomForest": {
        "Accuracy": 0.9410852713178295,
        "Recall": 0.8728070175438597,
        "Precision": 0.9567307692307693,
        "F1 Score": 0.9128440366972477,
        "Classification Report": {
            "0": {
                "precision": 0.9336384439359268,
                "recall": 0.9784172661870504,
                "f1-score": 0.955503512880562,
                "support": 417.0
            },
            "1": {
                "precision": 0.9567307692307693,
                "recall": 0.8728070175438597,
                "f1-score": 0.9128440366972477,
                "support": 228.0
            },
            "accuracy": 0.9410852713178295,
            "macro avg": {
                "precision": 0.945184606583348,
                "recall": 0.925612141865455,
                "f1-score": 0.9341737747889048,
                "support": 645.0
            },
            "weighted avg": {
                "precision": 0.9418013124122431,
                "recall": 0.9410852713178295,
                "f1-score": 0.9404238840901812,
                "support": 645.0
            }
        }
    },
    "LightGBM": {
        "Accuracy": 0.9488372093023256,
        "Recall": 0.9254385964912281,
        "Precision": 0.9295154185022027,
        "F1 Score": 0.9274725274725275,
        "Classification Report": {
            "0": {
                "precision": 0.9593301435406698,
                "recall": 0.9616306954436451,
                "f1-score": 0.9604790419161676,
                "support": 417.0
            },
            "1": {
                "precision": 0.9295154185022027,
                "recall": 0.9254385964912281,
                "f1-score": 0.9274725274725275,
                "support": 228.0
            },
            "accuracy": 0.9488372093023256,
            "macro avg": {
                "precision": 0.9444227810214363,
                "recall": 0.9435346459674365,
                "f1-score": 0.9439757846943475,
                "support": 645.0
            },
            "weighted avg": {
                "precision": 0.948790984922421,
                "recall": 0.9488372093023256,
                "f1-score": 0.9488116228570206,
                "support": 645.0
            }
        }
    },
    "ExtraTrees": {
        "Accuracy": 0.8527131782945736,
        "Recall": 0.6885964912280702,
        "Precision": 0.8674033149171271,
        "F1 Score": 0.7677261613691931,
        "Classification Report": {
            "0": {
                "precision": 0.8469827586206896,
                "recall": 0.9424460431654677,
                "f1-score": 0.8921679909194098,
                "support": 417.0
            },
            "1": {
                "precision": 0.8674033149171271,
                "recall": 0.6885964912280702,
                "f1-score": 0.7677261613691931,
                "support": 228.0
            },
            "accuracy": 0.8527131782945736,
            "macro avg": {
                "precision": 0.8571930367689083,
                "recall": 0.8155212671967689,
                "f1-score": 0.8299470761443015,
                "support": 645.0
            },
            "weighted avg": {
                "precision": 0.8542011878231511,
                "recall": 0.8527131782945736,
                "f1-score": 0.8481792511714262,
                "support": 645.0
            }
        }
    },
    "GradientBoosting": {
        "Accuracy": 0.951937984496124,